{
  "Canela": -71.384787,
  "Salamanca": -70.96071,
  "Guangual\u00ed": -71.369651,
  "Cuncum\u00e9n": -70.627678,
  "Pup\u00edo": -71.185461,
  "Los Vilos": -71.511202,
  "Illapel": -71.1653,
  "Caimanes": -71.134383,
  "Antofagasta": -70.397502,
  "Tahuinco": -71.059536,
  "Tranquilla": -70.678725,
  "Chillep\u00edn": -70.729437,
  "Batuco": -70.609056,
  "Choapa": -71.205348,
  "Sierra Gorda": -69.320097,
  "Pichidangui": -71.525551,
  "Limahuida": -71.162486,
  "Las Ca\u00f1as 2": -71.211349,
  "Llimpo": -70.843776,
  "Quel\u00e9n Alto": -70.83729,
  "Michilla": -70.283188,
  "Choapa Viejo": -71.205348,
  "Huentelauqu\u00e9n": -71.535603,
  "San Pedro de Atacama": -68.200081,
  "Camisas": -70.977318,
  "Jorquera": -70.886611,
  "Panguesillo": -70.874215,
  "Mejillones": -70.445616,
  "Quel\u00e9n Bajo": -70.843358,
  "Socaire": -67.890021,
  "Punta Nueva": -70.806996,
  "Talabre": -67.836995,
  "Camar": -67.960255,
  "Peladeros": -70.918324,
  "Calama": -68.929509,
  "Taira": -68.612616,
  "Santa Rosa": -70.922322,
  "Coir\u00f3n": -70.773861,
  "Las Ca\u00f1as 1": -71.256655,
  "Colliguay": -71.014757,
  "El Tambo": -71.02225,
  "Chalinga": -70.977194,
  "El Que\u00f1e": -70.960306,
  "La Higuerilla": -70.906344,
  "Peralillo": -71.119711,
  "Canelillo": -71.269609,
  "Salar de Atacama": -68.244533,
  "Los Loros": -71.592352,
  "Socavon": -71.159392,
  "El Palquial": -70.95999,
  "Peine": -68.062639,
  "Ca\u00f1as Sur": -71.299746,
  "Maria Elena": -69.661776,
  "Chuchi\u00f1i": -71.051206,
  "EL Mait\u00e9n": -71.221608,
  "Cuzcuz": -71.218829,
  "Cavilolen": -71.35697,
  "El Romero": -71.084428,
  "La Peste": -71.07965,
  "El Rincon": -71.114954,
  "Las Vacas": -71.318882,
  "Conchali": -71.48269
}
