{
  "Canela": -31.389979,
  "Salamanca": -31.782493,
  "Guangual\u00ed": -32.134229,
  "Cuncum\u00e9n": -31.897031,
  "Pup\u00edo": -31.92504,
  "Los Vilos": -31.912186,
  "Illapel": -31.6308,
  "Caimanes": -31.932179,
  "Antofagasta": -23.650928,
  "Tahuinco": -31.789106,
  "Tranquilla": -31.898557,
  "Chillep\u00edn": -31.881486,
  "Batuco": -31.941432,
  "Choapa": -31.729068,
  "Sierra Gorda": -22.890547,
  "Pichidangui": -32.140611,
  "Limahuida": -31.752986,
  "Las Ca\u00f1as 2": -31.738473,
  "Llimpo": -31.846197,
  "Quel\u00e9n Alto": -31.897725,
  "Michilla": -22.723079,
  "Choapa Viejo": -31.729068,
  "Huentelauqu\u00e9n": -31.578181,
  "San Pedro de Atacama": -22.908914,
  "Camisas": -31.848168,
  "Jorquera": -31.82398,
  "Panguesillo": -31.840939,
  "Mejillones": -23.098458,
  "Quel\u00e9n Bajo": -31.863233,
  "Socaire": -23.590388,
  "Punta Nueva": -31.894703,
  "Talabre": -23.324057,
  "Camar": -23.407116,
  "Peladeros": -31.976332,
  "Calama": -22.454381,
  "Taira": -21.849409,
  "Santa Rosa": -31.812873,
  "Coir\u00f3n": -31.903091,
  "Las Ca\u00f1as 1": -31.731153,
  "Colliguay": -31.823561,
  "El Tambo": -31.786896,
  "Chalinga": -31.768735,
  "El Que\u00f1e": -31.798231,
  "La Higuerilla": -31.831273,
  "Peralillo": -31.730047,
  "Canelillo": -31.725074,
  "Salar de Atacama": -23.496758,
  "Los Loros": -30.779707,
  "Socavon": -31.809005,
  "El Palquial": -31.874725,
  "Peine": -23.683584,
  "Ca\u00f1as Sur": -31.739206,
  "Maria Elena": -22.345186,
  "Chuchi\u00f1i": -31.756076,
  "EL Mait\u00e9n": -31.658448,
  "Cuzcuz": -31.654626,
  "Cavilolen": -31.832126,
  "El Romero": -31.959939,
  "La Peste": -31.976983,
  "El Rincon": -31.908107,
  "Las Vacas": -31.865754,
  "Conchali": -31.873607
}
